Id,y
10000,-66.0
10001,451.4
10002,-461.7
10003,40.5
10004,-126.7
10005,-342.5
10006,-396.6
10007,335.5
10008,-99.5
10009,304.8
10010,68.9
10011,412.4
10012,54.9
10013,-17.0
10014,-597.8
10015,443.5
10016,144.8
10017,-57.4
10018,134.4
10019,-109.0
10020,153.8
10021,611.7
10022,588.4
10023,-131.0
10024,-61.1
10025,-374.2
10026,74.2
10027,137.4
10028,420.1
10029,196.8
10030,268.4
10031,638.5
10032,127.4
10033,1.3
10034,22.7
10035,342.2
10036,307.7
10037,348.1
10038,-168.7
10039,-20.2
10040,-551.7
10041,-430.0
10042,261.9
10043,389.8
10044,-96.2
10045,-210.7
10046,278.9
10047,-427.5
10048,-172.9
10049,467.3
10050,-631.6
10051,-355.5
10052,143.2
10053,69.2
10054,275.6
10055,-263.2
10056,167.5
10057,104.6
10058,230.1
10059,21.0
10060,-4.8
10061,-201.9
10062,560.1
10063,55.3
10064,671.3
10065,-493.7
10066,-279.4
10067,-53.7
10068,379.7
10069,315.1
10070,169.1
10071,-271.6
10072,783.8
10073,44.6
10074,57.4
10075,-161.1
10076,-220.7
10077,223.2
10078,352.7
10079,13.2
10080,-462.0
10081,305.4
10082,-230.6
10083,359.1
10084,-430.3
10085,-115.5
10086,-89.0
10087,-488.3
10088,-139.4
10089,57.3
10090,-190.3
10091,-6.5
10092,189.3
10093,346.6
10094,871.6
10095,-147.0
10096,443.5
10097,-30.5
10098,185.5
10099,-119.9
10100,43.6
10101,58.3
10102,-197.2
10103,-70.5
10104,-342.8
10105,-29.2
10106,49.5
10107,-16.2
10108,33.8
10109,-68.9
10110,25.9
10111,-617.3
10112,-185.9
10113,323.8
10114,-35.7
10115,-733.5
10116,-240.7
10117,-382.0
10118,75.3
10119,36.6
10120,-28.8
10121,-481.2
10122,408.9
10123,-765.0
10124,178.1
10125,-7.6
10126,134.8
10127,-477.5
10128,-248.7
10129,-361.9
10130,-18.8
10131,7.8
10132,-109.1
10133,-63.1
10134,591.8
10135,259.6
10136,-279.9
10137,93.2
10138,-427.3
10139,84.4
10140,-311.5
10141,11.4
10142,-297.8
10143,-331.9
10144,656.0
10145,-476.7
10146,361.2
10147,-150.2
10148,299.9
10149,-191.7
10150,151.9
10151,-64.7
10152,351.2
10153,-370.6
10154,349.2
10155,273.5
10156,783.2
10157,-124.2
10158,-155.2
10159,-507.0
10160,201.7
10161,-415.2
10162,-348.2
10163,-202.0
10164,-659.0
10165,179.3
10166,124.1
10167,-209.2
10168,213.7
10169,-82.1
10170,-97.1
10171,124.3
10172,50.3
10173,538.7
10174,630.0
10175,217.3
10176,-491.7
10177,-131.1
10178,362.4
10179,-14.4
10180,-30.3
10181,-107.3
10182,-334.1
10183,299.5
10184,-103.5
10185,179.8
10186,122.2
10187,86.6
10188,386.5
10189,-613.4
10190,-269.8
10191,260.7
10192,-44.6
10193,-159.2
10194,-145.2
10195,447.2
10196,476.4
10197,121.8
10198,-1.5
10199,410.7
10200,90.8
10201,150.1
10202,24.0
10203,273.9
10204,-154.5
10205,42.6
10206,617.3
10207,38.9
10208,-91.4
10209,225.4
10210,151.1
10211,-86.9
10212,-101.7
10213,161.9
10214,357.9
10215,32.1
10216,-379.1
10217,-165.9
10218,257.5
10219,-124.8
10220,47.1
10221,-67.1
10222,287.2
10223,836.3
10224,-78.7
10225,-293.0
10226,284.9
10227,378.0
10228,-473.9
10229,-538.8
10230,-372.9
10231,-83.4
10232,157.5
10233,167.5
10234,-105.7
10235,561.2
10236,-149.4
10237,197.0
10238,-33.8
10239,5.2
10240,-121.7
10241,53.5
10242,531.3
10243,-157.6
10244,-183.8
10245,643.8
10246,17.8
10247,-92.1
10248,485.5
10249,-221.2
10250,490.6
10251,-43.7
10252,139.9
10253,207.5
10254,17.1
10255,-396.5
10256,-168.3
10257,-75.6
10258,-292.1
10259,-59.4
10260,247.4
10261,206.8
10262,17.5
10263,-181.8
10264,300.2
10265,-567.6
10266,311.6
10267,-9.9
10268,161.4
10269,272.4
10270,55.1
10271,-15.3
10272,286.4
10273,387.9
10274,-148.6
10275,172.0
10276,-411.6
10277,213.8
10278,133.9
10279,-99.0
10280,-162.4
10281,-39.1
10282,-295.2
10283,141.3
10284,163.1
10285,-55.5
10286,-145.7
10287,16.4
10288,-364.3
10289,558.7
10290,40.1
10291,67.6
10292,559.8
10293,469.8
10294,-149.5
10295,-328.8
10296,425.8
10297,85.5
10298,-166.9
10299,-662.3
10300,50.3
10301,-11.4
10302,-451.8
10303,78.7
10304,-386.8
10305,-273.2
10306,352.0
10307,-263.8
10308,-214.7
10309,-84.9
10310,745.9
10311,-419.0
10312,739.2
10313,-469.1
10314,481.8
10315,363.2
10316,-270.3
10317,-399.6
10318,234.5
10319,-38.7
10320,238.4
10321,28.7
10322,238.2
10323,-130.0
10324,-681.3
10325,61.6
10326,-444.9
10327,-14.7
10328,680.5
10329,288.7
10330,840.0
10331,416.7
10332,167.4
10333,-86.8
10334,332.8
10335,-201.3
10336,-43.6
10337,-107.9
10338,-284.0
10339,232.6
10340,237.8
10341,74.4
10342,255.5
10343,-168.6
10344,68.6
10345,-365.4
10346,189.7
10347,-369.8
10348,-250.9
10349,76.3
10350,-344.9
10351,-187.4
10352,482.2
10353,125.8
10354,450.7
10355,216.2
10356,34.3
10357,57.5
10358,-211.4
10359,49.8
10360,76.1
10361,-29.2
10362,33.0
10363,364.6
10364,234.5
10365,-21.8
10366,-476.9
10367,43.6
10368,-311.0
10369,-46.9
10370,181.2
10371,-215.0
10372,-80.2
10373,841.2
10374,102.4
10375,37.3
10376,77.4
10377,435.8
10378,111.4
10379,-128.8
10380,573.1
10381,48.6
10382,-68.6
10383,56.7
10384,-360.3
10385,131.9
10386,-264.5
10387,-378.8
10388,-190.1
10389,862.9
10390,159.6
10391,514.0
10392,61.4
10393,720.9
10394,-451.0
10395,105.9
10396,-27.5
10397,-23.4
10398,331.2
10399,-156.0
10400,0.9
10401,17.2
10402,143.2
10403,53.2
10404,41.0
10405,-129.4
10406,430.9
10407,-427.9
10408,49.1
10409,-221.6
10410,-313.8
10411,115.2
10412,96.1
10413,-399.9
10414,-8.4
10415,733.2
10416,-332.4
10417,83.7
10418,339.8
10419,-35.1
10420,38.2
10421,-606.2
10422,194.3
10423,155.0
10424,-111.3
10425,-63.3
10426,403.9
10427,690.9
10428,75.8
10429,-340.3
10430,-195.8
10431,40.4
10432,-137.7
10433,-95.7
10434,290.8
10435,568.5
10436,351.2
10437,194.7
10438,-312.2
10439,-518.3
10440,-80.8
10441,-109.9
10442,491.4
10443,371.5
10444,343.9
10445,114.6
10446,-315.2
10447,83.1
10448,-82.6
10449,-182.2
10450,-294.9
10451,-294.2
10452,611.5
10453,-34.8
10454,-115.0
10455,263.3
10456,346.1
10457,194.6
10458,257.4
10459,-303.2
10460,-173.2
10461,-88.5
10462,137.6
10463,337.0
10464,155.7
10465,-250.3
10466,148.1
10467,333.7
10468,-260.3
10469,340.3
10470,224.7
10471,-607.3
10472,-54.9
10473,-685.1
10474,268.3
10475,108.8
10476,-233.2
10477,115.9
10478,75.3
10479,312.6
10480,78.4
10481,-509.6
10482,142.2
10483,-567.6
10484,99.2
10485,181.8
10486,-27.4
10487,-646.8
10488,-261.6
10489,-398.9
10490,-259.4
10491,-252.1
10492,-25.6
10493,-479.4
10494,109.9
10495,161.9
10496,-436.8
10497,-66.0
10498,-73.6
10499,51.0
10500,7.6
10501,-38.4
10502,493.6
10503,-303.4
10504,285.4
10505,236.9
10506,-112.9
10507,-104.9
10508,70.1
10509,-334.4
10510,-526.2
10511,26.7
10512,16.6
10513,-282.6
10514,-156.8
10515,-368.7
10516,87.3
10517,9.6
10518,159.3
10519,737.8
10520,-63.5
10521,253.4
10522,-195.5
10523,-233.6
10524,672.0
10525,161.0
10526,-86.9
10527,767.4
10528,300.1
10529,-264.6
10530,506.8
10531,413.7
10532,-228.0
10533,270.7
10534,166.3
10535,467.8
10536,691.0
10537,-235.2
10538,-204.5
10539,235.6
10540,481.5
10541,-404.3
10542,499.6
10543,-280.4
10544,349.6
10545,56.3
10546,377.8
10547,58.2
10548,424.3
10549,85.8
10550,-253.0
10551,172.9
10552,-190.1
10553,307.0
10554,-179.1
10555,-155.8
10556,-208.8
10557,-257.4
10558,-187.9
10559,179.0
10560,769.3
10561,131.5
10562,-86.3
10563,-440.8
10564,522.2
10565,74.3
10566,-273.3
10567,23.9
10568,-140.9
10569,337.4
10570,63.4
10571,-78.1
10572,-209.4
10573,-354.3
10574,261.5
10575,252.8
10576,415.3
10577,-341.4
10578,-101.5
10579,-83.0
10580,-146.2
10581,-401.0
10582,114.7
10583,-318.4
10584,-27.1
10585,253.4
10586,-15.2
10587,490.3
10588,67.2
10589,-583.7
10590,566.8
10591,-659.8
10592,-280.3
10593,-618.5
10594,-403.1
10595,52.6
10596,154.1
10597,-187.2
10598,45.1
10599,389.9
10600,497.5
10601,-172.6
10602,-199.5
10603,146.3
10604,-745.9
10605,-230.9
10606,-157.7
10607,170.6
10608,58.5
10609,21.8
10610,-33.8
10611,527.0
10612,370.4
10613,-83.7
10614,-297.9
10615,379.6
10616,-194.5
10617,-59.1
10618,-59.1
10619,-265.8
10620,-488.3
10621,-28.1
10622,-110.9
10623,642.5
10624,-25.1
10625,368.3
10626,274.8
10627,416.5
10628,110.6
10629,561.4
10630,497.1
10631,-201.6
10632,-370.1
10633,731.1
10634,-380.1
10635,-200.6
10636,272.1
10637,269.8
10638,-243.6
10639,-80.6
10640,-468.0
10641,384.1
10642,-158.5
10643,-321.1
10644,-72.3
10645,244.9
10646,-111.8
10647,-71.3
10648,-97.1
10649,388.0
10650,134.1
10651,-372.7
10652,-153.9
10653,376.1
10654,-45.1
10655,29.1
10656,-164.4
10657,291.4
10658,-389.6
10659,-145.5
10660,276.5
10661,-134.1
10662,82.9
10663,143.8
10664,230.9
10665,649.9
10666,188.1
10667,170.8
10668,-533.8
10669,-516.1
10670,-356.8
10671,480.9
10672,-54.5
10673,-272.7
10674,-89.2
10675,-97.4
10676,-264.3
10677,-558.9
10678,-18.2
10679,238.7
10680,-107.5
10681,-439.7
10682,-366.1
10683,540.5
10684,-335.9
10685,129.0
10686,-360.5
10687,-211.0
10688,115.7
10689,-723.6
10690,380.9
10691,24.3
10692,-145.4
10693,-157.3
10694,134.1
10695,216.0
10696,-310.2
10697,18.0
10698,-287.2
10699,-244.8
10700,-126.2
10701,-276.9
10702,-63.9
10703,-268.3
10704,81.0
10705,135.5
10706,265.9
10707,290.2
10708,72.9
10709,-88.6
10710,-562.5
10711,-258.0
10712,-88.3
10713,-608.9
10714,16.6
10715,-118.0
10716,244.5
10717,61.0
10718,640.9
10719,15.1
10720,135.0
10721,39.5
10722,86.4
10723,20.3
10724,217.4
10725,-8.6
10726,172.4
10727,-326.0
10728,347.6
10729,129.0
10730,-379.8
10731,-134.7
10732,153.6
10733,-72.1
10734,183.3
10735,-456.5
10736,152.3
10737,-20.7
10738,245.6
10739,776.4
10740,-320.1
10741,-479.3
10742,-69.8
10743,-372.0
10744,397.3
10745,95.0
10746,-545.9
10747,92.7
10748,456.6
10749,140.3
10750,-542.6
10751,33.3
10752,237.5
10753,-260.5
10754,-227.7
10755,-18.4
10756,357.2
10757,234.2
10758,309.0
10759,109.4
10760,297.0
10761,431.3
10762,-285.9
10763,-461.1
10764,458.8
10765,-35.1
10766,-139.0
10767,435.9
10768,-327.6
10769,-16.2
10770,32.7
10771,-143.1
10772,-82.9
10773,-26.4
10774,-295.9
10775,-300.9
10776,-157.0
10777,-444.1
10778,55.5
10779,136.1
10780,-59.9
10781,774.8
10782,-291.8
10783,449.7
10784,-231.2
10785,88.2
10786,511.7
10787,27.7
10788,69.7
10789,-684.0
10790,-181.2
10791,-592.3
10792,-326.4
10793,527.6
10794,-176.0
10795,555.3
10796,-40.1
10797,-242.9
10798,466.5
10799,209.7
10800,112.5
10801,656.0
10802,-253.7
10803,-143.1
10804,261.9
10805,-51.4
10806,-646.5
10807,-114.1
10808,126.1
10809,204.6
10810,-300.4
10811,-415.7
10812,6.4
10813,72.8
10814,160.7
10815,249.3
10816,-248.3
10817,7.8
10818,-466.4
10819,290.2
10820,-309.0
10821,528.7
10822,372.5
10823,-328.1
10824,-94.7
10825,55.6
10826,67.3
10827,-533.7
10828,-128.1
10829,-543.0
10830,54.6
10831,182.7
10832,-41.3
10833,652.8
10834,-337.0
10835,100.0
10836,811.8
10837,-346.3
10838,103.7
10839,487.7
10840,120.9
10841,-324.3
10842,-136.4
10843,-41.9
10844,282.7
10845,345.6
10846,124.7
10847,-206.1
10848,155.9
10849,-443.8
10850,-273.3
10851,196.0
10852,-30.7
10853,86.6
10854,-312.2
10855,41.0
10856,307.7
10857,532.9
10858,260.2
10859,362.0
10860,101.3
10861,38.4
10862,20.3
10863,117.4
10864,573.7
10865,-507.6
10866,-211.8
10867,-78.4
10868,-319.6
10869,-267.4
10870,-780.9
10871,50.2
10872,-298.5
10873,23.4
10874,-76.3
10875,-257.6
10876,171.6
10877,-121.6
10878,-451.4
10879,81.1
10880,-212.6
10881,-3.5
10882,-408.3
10883,-158.7
10884,238.4
10885,-133.0
10886,-266.1
10887,247.7
10888,348.0
10889,-511.3
10890,21.8
10891,-163.8
10892,-472.6
10893,-365.0
10894,272.4
10895,92.4
10896,491.8
10897,-200.0
10898,144.3
10899,-554.4
10900,-449.4
10901,565.0
10902,446.3
10903,309.7
10904,282.9
10905,176.2
10906,-315.1
10907,612.3
10908,274.3
10909,-19.4
10910,404.6
10911,47.3
10912,101.9
10913,98.1
10914,-231.4
10915,136.3
10916,-150.3
10917,461.2
10918,145.7
10919,-405.8
10920,-405.6
10921,213.7
10922,-204.8
10923,-118.6
10924,675.2
10925,145.2
10926,489.7
10927,-173.8
10928,89.7
10929,239.0
10930,-68.2
10931,93.7
10932,-196.6
10933,-711.8
10934,-104.2
10935,55.7
10936,74.2
10937,625.7
10938,235.0
10939,221.6
10940,61.9
10941,239.7
10942,-21.3
10943,180.2
10944,14.9
10945,-374.9
10946,-397.5
10947,114.7
10948,-269.6
10949,0.1
10950,-34.6
10951,72.7
10952,-188.8
10953,-365.5
10954,-67.6
10955,19.5
10956,212.8
10957,170.7
10958,48.8
10959,-239.4
10960,409.7
10961,399.9
10962,18.7
10963,165.8
10964,-124.4
10965,55.0
10966,640.4
10967,7.6
10968,-265.0
10969,1.7
10970,18.5
10971,-248.9
10972,106.9
10973,251.6
10974,133.8
10975,-358.3
10976,426.3
10977,72.0
10978,-322.1
10979,438.8
10980,-40.1
10981,283.8
10982,-487.9
10983,-86.9
10984,-470.9
10985,73.1
10986,-688.4
10987,392.5
10988,-328.6
10989,149.4
10990,321.8
10991,584.4
10992,206.8
10993,36.5
10994,-37.8
10995,-551.1
10996,-107.9
10997,-176.8
10998,-356.9
10999,418.4
11000,-26.1
11001,-213.9
11002,246.6
11003,-32.0
11004,-126.7
11005,26.9
11006,198.9
11007,-18.8
11008,-119.5
11009,-389.9
11010,-149.5
11011,-309.0
11012,-478.8
11013,-616.7
11014,-25.9
11015,-133.2
11016,-633.1
11017,-32.3
11018,28.8
11019,-290.0
11020,-168.0
11021,-173.8
11022,107.3
11023,278.3
11024,164.7
11025,596.8
11026,737.8
11027,-57.0
11028,-20.4
11029,193.1
11030,151.0
11031,-340.9
11032,207.6
11033,-27.7
11034,-147.0
11035,-121.9
11036,144.5
11037,333.2
11038,-452.5
11039,-208.5
11040,265.8
11041,-86.2
11042,-456.0
11043,-377.7
11044,277.6
11045,-98.3
11046,-258.7
11047,508.5
11048,-27.8
11049,-397.8
11050,27.3
11051,55.5
11052,86.5
11053,-417.7
11054,265.1
11055,126.5
11056,-731.2
11057,26.8
11058,15.2
11059,603.1
11060,-68.5
11061,-630.2
11062,391.4
11063,191.3
11064,-82.8
11065,874.3
11066,130.1
11067,24.8
11068,10.0
11069,407.6
11070,184.9
11071,699.4
11072,12.9
11073,-569.8
11074,-60.6
11075,-96.6
11076,19.7
11077,30.2
11078,-107.1
11079,-23.4
11080,-16.6
11081,18.8
11082,146.0
11083,-428.1
11084,-158.2
11085,-44.4
11086,-411.3
11087,218.4
11088,141.2
11089,316.6
11090,93.7
11091,154.2
11092,-132.9
11093,-293.9
11094,485.3
11095,-271.2
11096,373.4
11097,-359.7
11098,-460.0
11099,209.1
11100,46.7
11101,-767.9
11102,-154.0
11103,-66.7
11104,-15.9
11105,16.1
11106,157.0
11107,585.7
11108,-259.6
11109,264.5
11110,171.6
11111,182.1
11112,-336.9
11113,-403.2
11114,114.6
11115,161.8
11116,-628.0
11117,242.0
11118,362.9
11119,60.7
11120,-359.3
11121,-379.1
11122,237.8
11123,-293.4
11124,-397.5
11125,159.6
11126,365.0
11127,-720.6
11128,500.2
11129,-11.3
11130,-69.4
11131,250.9
11132,-169.3
11133,120.4
11134,-40.0
11135,-520.9
11136,-631.1
11137,-189.5
11138,73.6
11139,39.6
11140,-459.8
11141,4.0
11142,-197.4
11143,62.4
11144,-186.4
11145,-133.6
11146,305.0
11147,-46.0
11148,-42.3
11149,-174.6
11150,-221.8
11151,-177.6
11152,-1.6
11153,92.2
11154,380.6
11155,5.2
11156,-43.3
11157,138.6
11158,-644.2
11159,-264.1
11160,388.1
11161,-314.6
11162,68.6
11163,313.9
11164,-174.1
11165,75.2
11166,-48.3
11167,366.3
11168,-301.0
11169,52.3
11170,199.8
11171,-291.5
11172,-221.3
11173,-347.6
11174,-203.2
11175,-377.9
11176,-39.1
11177,-27.7
11178,-4.8
11179,387.7
11180,173.1
11181,932.3
11182,-79.8
11183,140.8
11184,39.7
11185,443.5
11186,342.4
11187,-137.9
11188,596.3
11189,207.6
11190,-628.7
11191,498.5
11192,-157.9
11193,351.1
11194,21.7
11195,-147.9
11196,204.6
11197,29.5
11198,121.4
11199,-565.6
11200,-229.6
11201,-46.8
11202,687.0
11203,-439.4
11204,-564.3
11205,-449.4
11206,-187.0
11207,63.7
11208,226.5
11209,-238.3
11210,8.0
11211,-360.7
11212,-124.0
11213,-388.9
11214,21.0
11215,-301.5
11216,215.9
11217,403.5
11218,435.7
11219,-107.1
11220,186.0
11221,347.6
11222,258.8
11223,-431.4
11224,-169.4
11225,106.4
11226,11.4
11227,362.6
11228,-602.2
11229,707.6
11230,202.2
11231,-50.3
11232,-170.3
11233,-33.3
11234,194.4
11235,-358.6
11236,-212.3
11237,-291.4
11238,295.6
11239,-279.0
11240,23.7
11241,-64.5
11242,-550.5
11243,541.3
11244,95.1
11245,14.6
11246,108.6
11247,-391.0
11248,358.7
11249,-656.7
11250,39.6
11251,-112.1
11252,-4.0
11253,-399.3
11254,-189.9
11255,25.7
11256,-514.3
11257,42.9
11258,-18.9
11259,-109.3
11260,-32.9
11261,-543.8
11262,402.4
11263,36.2
11264,228.3
11265,346.4
11266,-401.2
11267,54.1
11268,6.9
11269,-3.8
11270,-445.5
11271,162.1
11272,176.4
11273,-517.0
11274,190.0
11275,-164.5
11276,174.2
11277,-510.0
11278,174.8
11279,-352.7
11280,-145.5
11281,457.0
11282,-463.5
11283,-363.6
11284,-157.8
11285,-195.4
11286,152.0
11287,-197.1
11288,36.5
11289,993.2
11290,-387.0
11291,-6.6
11292,-272.1
11293,-138.6
11294,-105.0
11295,-21.5
11296,91.1
11297,-65.8
11298,164.5
11299,-18.0
11300,783.9
11301,-339.2
11302,-196.5
11303,357.2
11304,186.3
11305,138.1
11306,-11.6
11307,175.8
11308,-224.6
11309,68.9
11310,201.2
11311,257.9
11312,-432.9
11313,-894.0
11314,671.9
11315,-143.4
11316,622.2
11317,179.4
11318,553.8
11319,133.4
11320,-278.8
11321,-316.6
11322,503.4
11323,282.7
11324,-192.3
11325,-266.5
11326,28.4
11327,-502.8
11328,-284.9
11329,334.3
11330,131.9
11331,-163.1
11332,207.7
11333,84.5
11334,26.3
11335,-255.9
11336,51.3
11337,-102.0
11338,160.4
11339,285.4
11340,-58.8
11341,103.1
11342,-294.3
11343,376.9
11344,69.8
11345,866.0
11346,-39.4
11347,64.6
11348,-169.7
11349,-545.2
11350,-61.8
11351,-497.3
11352,462.3
11353,-153.3
11354,-206.0
11355,-139.7
11356,-86.3
11357,589.4
11358,213.4
11359,160.8
11360,189.1
11361,-353.6
11362,-195.5
11363,-131.0
11364,-411.9
11365,339.5
11366,278.7
11367,262.5
11368,-182.3
11369,312.6
11370,292.5
11371,-191.4
11372,97.2
11373,-323.1
11374,-641.6
11375,34.4
11376,332.6
11377,374.4
11378,79.7
11379,-175.7
11380,161.8
11381,247.7
11382,90.7
11383,406.9
11384,-128.3
11385,131.3
11386,729.3
11387,722.0
11388,-177.9
11389,709.5
11390,68.4
11391,-488.0
11392,152.7
11393,-239.3
11394,-147.3
11395,-45.2
11396,-222.1
11397,-332.6
11398,-119.4
11399,411.6
11400,165.4
11401,488.3
11402,224.1
11403,57.1
11404,264.7
11405,-126.8
11406,-376.2
11407,48.8
11408,420.2
11409,-415.6
11410,-45.1
11411,-169.5
11412,745.0
11413,-534.2
11414,-151.0
11415,577.9
11416,46.7
11417,311.6
11418,357.3
11419,265.4
11420,-253.6
11421,-473.9
11422,12.7
11423,-132.6
11424,72.5
11425,217.4
11426,-335.8
11427,-262.2
11428,95.5
11429,-209.2
11430,456.6
11431,308.4
11432,-28.9
11433,-358.5
11434,128.3
11435,145.6
11436,95.7
11437,268.3
11438,-466.9
11439,-314.3
11440,344.7
11441,220.7
11442,-578.5
11443,174.8
11444,399.9
11445,732.7
11446,667.3
11447,-63.1
11448,245.9
11449,21.7
11450,-248.7
11451,-197.0
11452,-282.0
11453,-81.2
11454,52.4
11455,-2.3
11456,-758.9
11457,213.5
11458,-169.3
11459,184.7
11460,256.6
11461,-63.2
11462,-272.7
11463,135.8
11464,455.8
11465,-129.4
11466,62.9
11467,-386.9
11468,267.2
11469,287.2
11470,-52.1
11471,76.4
11472,-138.2
11473,203.6
11474,15.5
11475,-6.0
11476,-31.6
11477,221.6
11478,-687.0
11479,483.8
11480,958.0
11481,191.6
11482,-58.6
11483,259.5
11484,-6.3
11485,-270.3
11486,-772.5
11487,-146.5
11488,-37.8
11489,331.6
11490,570.5
11491,-182.6
11492,-356.1
11493,84.1
11494,-115.7
11495,431.9
11496,-39.0
11497,28.2
11498,-54.1
11499,-260.0
11500,157.7
11501,-451.6
11502,482.6
11503,242.6
11504,-588.1
11505,81.0
11506,325.4
11507,-22.1
11508,-296.3
11509,299.1
11510,468.3
11511,-99.6
11512,5.3
11513,-101.9
11514,172.8
11515,-676.7
11516,-85.3
11517,117.5
11518,-83.6
11519,179.8
11520,-83.4
11521,-21.4
11522,292.1
11523,-100.2
11524,-295.4
11525,-196.2
11526,-90.4
11527,-58.1
11528,-400.4
11529,236.3
11530,-312.0
11531,448.9
11532,202.7
11533,94.9
11534,60.2
11535,-149.4
11536,406.8
11537,600.8
11538,-23.3
11539,-565.3
11540,156.4
11541,648.6
11542,405.7
11543,261.8
11544,22.4
11545,238.4
11546,164.6
11547,-83.3
11548,209.8
11549,-199.0
11550,-78.7
11551,27.7
11552,450.3
11553,-78.3
11554,-267.6
11555,348.3
11556,-404.5
11557,330.1
11558,-533.0
11559,530.2
11560,-741.1
11561,478.6
11562,164.6
11563,-449.7
11564,-412.1
11565,219.1
11566,-378.7
11567,368.7
11568,37.3
11569,396.5
11570,-29.3
11571,35.5
11572,-267.3
11573,-417.3
11574,-250.3
11575,-229.0
11576,692.3
11577,-411.2
11578,482.3
11579,109.4
11580,547.6
11581,179.9
11582,-521.6
11583,-0.5
11584,-1.3
11585,-248.1
11586,-243.1
11587,199.6
11588,381.3
11589,-393.2
11590,138.2
11591,34.2
11592,-4.6
11593,-151.9
11594,335.5
11595,-93.1
11596,507.8
11597,-355.5
11598,143.1
11599,137.9
11600,-151.0
11601,-19.6
11602,105.8
11603,-172.8
11604,482.1
11605,-267.5
11606,39.9
11607,-52.9
11608,-21.2
11609,155.4
11610,-96.1
11611,-163.2
11612,-180.4
11613,-264.7
11614,171.4
11615,-11.5
11616,240.0
11617,-39.8
11618,-211.7
11619,-354.2
11620,72.5
11621,306.8
11622,10.7
11623,-368.0
11624,281.0
11625,607.1
11626,226.1
11627,565.9
11628,-147.8
11629,-314.0
11630,-180.0
11631,51.3
11632,-118.8
11633,-258.3
11634,-229.8
11635,200.4
11636,-348.1
11637,-584.9
11638,-4.9
11639,-163.4
11640,87.0
11641,41.6
11642,-494.9
11643,-60.9
11644,-173.6
11645,181.3
11646,-51.3
11647,44.0
11648,-518.0
11649,-355.6
11650,272.4
11651,490.6
11652,-37.2
11653,100.2
11654,32.3
11655,342.4
11656,-274.4
11657,-461.6
11658,399.1
11659,59.9
11660,-119.0
11661,-281.7
11662,-127.6
11663,-556.6
11664,-79.4
11665,-84.3
11666,-212.9
11667,72.3
11668,-416.5
11669,-151.4
11670,-112.9
11671,-387.0
11672,553.3
11673,-80.9
11674,265.6
11675,498.1
11676,447.9
11677,-163.0
11678,121.2
11679,106.0
11680,340.5
11681,4.3
11682,-92.6
11683,-354.1
11684,214.0
11685,-345.7
11686,-271.8
11687,426.3
11688,-37.8
11689,-180.5
11690,-97.6
11691,347.8
11692,-237.0
11693,118.1
11694,681.5
11695,275.7
11696,185.2
11697,-13.2
11698,274.1
11699,178.8
11700,-179.0
11701,391.8
11702,-308.9
11703,-324.8
11704,262.1
11705,398.5
11706,-368.3
11707,-181.2
11708,-166.4
11709,69.0
11710,-249.5
11711,443.6
11712,13.7
11713,-212.5
11714,-27.9
11715,-240.8
11716,-142.9
11717,-285.8
11718,460.6
11719,-225.1
11720,97.8
11721,350.6
11722,378.8
11723,-3.9
11724,-260.9
11725,-64.6
11726,-270.6
11727,-569.4
11728,142.5
11729,228.2
11730,170.9
11731,-88.7
11732,179.6
11733,176.8
11734,-56.3
11735,-185.9
11736,100.4
11737,-63.7
11738,623.2
11739,-122.2
11740,-216.6
11741,-131.0
11742,-293.8
11743,167.9
11744,9.3
11745,-587.5
11746,304.7
11747,251.5
11748,-304.1
11749,108.0
11750,-218.7
11751,-105.1
11752,121.4
11753,-303.0
11754,529.7
11755,-224.6
11756,688.9
11757,121.6
11758,495.9
11759,-104.9
11760,-39.4
11761,-218.4
11762,-242.1
11763,328.5
11764,-121.6
11765,-352.0
11766,235.9
11767,211.8
11768,582.0
11769,-187.8
11770,-88.2
11771,-121.3
11772,-682.3
11773,-61.5
11774,69.0
11775,132.9
11776,41.6
11777,-513.2
11778,216.7
11779,-533.8
11780,-467.1
11781,39.7
11782,178.8
11783,-255.9
11784,468.7
11785,-959.1
11786,201.9
11787,-282.6
11788,-392.4
11789,-219.7
11790,169.6
11791,-21.9
11792,-242.3
11793,35.6
11794,336.4
11795,-63.3
11796,-4.4
11797,-312.3
11798,14.6
11799,-258.2
11800,725.8
11801,-303.8
11802,-726.2
11803,93.4
11804,92.8
11805,342.4
11806,856.2
11807,-54.9
11808,-213.1
11809,-365.1
11810,-733.5
11811,-206.1
11812,-418.3
11813,358.8
11814,-260.6
11815,546.2
11816,187.4
11817,-22.0
11818,88.7
11819,-243.1
11820,-41.4
11821,-543.6
11822,840.8
11823,402.8
11824,79.4
11825,473.4
11826,-57.6
11827,210.1
11828,-185.8
11829,22.8
11830,940.7
11831,-442.7
11832,-475.2
11833,-340.0
11834,541.6
11835,333.5
11836,-765.5
11837,91.2
11838,164.5
11839,274.6
11840,263.2
11841,303.6
11842,-92.2
11843,209.0
11844,-170.0
11845,41.6
11846,-670.8
11847,452.7
11848,741.8
11849,420.6
11850,400.4
11851,-181.6
11852,162.0
11853,2.7
11854,534.7
11855,145.1
11856,245.6
11857,192.7
11858,486.6
11859,525.3
11860,172.0
11861,342.6
11862,-338.4
11863,100.0
11864,-176.9
11865,316.4
11866,-637.5
11867,74.5
11868,-319.6
11869,-234.1
11870,238.8
11871,684.3
11872,-273.4
11873,229.5
11874,-191.4
11875,591.7
11876,-357.7
11877,279.3
11878,16.4
11879,1015.2
11880,-44.2
11881,-259.1
11882,6.7
11883,113.4
11884,164.4
11885,-219.8
11886,-50.9
11887,234.7
11888,-225.7
11889,-124.6
11890,89.3
11891,-24.0
11892,949.8
11893,21.7
11894,-333.1
11895,51.6
11896,-328.7
11897,-622.2
11898,-406.8
11899,-126.4
11900,-298.4
11901,-494.6
11902,579.0
11903,170.4
11904,160.5
11905,-127.5
11906,116.5
11907,137.2
11908,-1.2
11909,613.3
11910,435.2
11911,160.4
11912,-185.5
11913,188.6
11914,-610.6
11915,23.7
11916,-97.9
11917,-120.6
11918,353.1
11919,-18.4
11920,-120.3
11921,15.4
11922,185.8
11923,845.7
11924,349.5
11925,45.9
11926,-7.2
11927,-164.7
11928,107.3
11929,-99.6
11930,48.6
11931,41.2
11932,661.7
11933,306.0
11934,500.4
11935,-231.2
11936,334.2
11937,-326.4
11938,-574.2
11939,148.5
11940,614.0
11941,184.5
11942,-216.1
11943,-616.1
11944,127.5
11945,-96.9
11946,-167.7
11947,-349.9
11948,6.6
11949,543.3
11950,-362.8
11951,-330.1
11952,347.0
11953,526.4
11954,-69.3
11955,368.1
11956,381.7
11957,345.9
11958,-204.7
11959,157.9
11960,-967.4
11961,528.0
11962,-338.8
11963,609.2
11964,381.1
11965,-18.4
11966,-92.2
11967,-166.1
11968,-173.9
11969,-221.1
11970,-228.4
11971,198.1
11972,-713.0
11973,-89.7
11974,-480.0
11975,-271.7
11976,565.3
11977,96.1
11978,178.6
11979,-61.2
11980,-368.7
11981,4.8
11982,414.4
11983,-760.3
11984,84.9
11985,-251.8
11986,280.7
11987,-391.3
11988,608.5
11989,-27.8
11990,-123.4
11991,-130.8
11992,18.6
11993,-433.2
11994,-303.7
11995,464.7
11996,496.5
11997,-35.1
11998,-131.7
11999,417.3
